{
  "Krosnowice": 40.44563752172514, 
  "Darnków": 74.53063523175568, 
  "Kłodzko": 40.39148948558717, 
  "Boboszów": 87.99209816576182, 
  "Kudowa Zdr.": 23.49293302279888, 
  "Bystrzyca": 93.15264895409192, 
  "Lądek Zdr.": 78.86828697703741, 
  "Gorzuchów": 32.03672013137937, 
  "Bardo": 76.1020994617756, 
  "Duszniki": 48.993408668457164
}